provider,release,external_id,agency,type,status,local_asset_present,text_ready,classification,extract_or_source_only,accepted_incident_count,media_only,unrecoverable,paired_source_count,qa_bucket,identity_key,unrecoverable_reason
pursue,6,DOW-UAP-D102,DoW,pdf,active,True,True,historical_case_file,extract,2,False,False,5,pdf_processed,pursue:DOW-UAP-D102,
pursue,6,DOW-UAP-D110,DoW,pdf,active,True,True,contract,source_only,0,False,False,43,pdf_source_only,pursue:DOW-UAP-D110,
pursue,6,DOW-UAP-D111,DoW,pdf,active,True,True,contract,source_only,0,False,False,43,pdf_source_only,pursue:DOW-UAP-D111,
pursue,6,DOW-UAP-D117,DoW,pdf,active,True,True,other,source_only,0,False,False,43,pdf_source_only,pursue:DOW-UAP-D117,
pursue,6,DOW-UAP-D129,DoW,pdf,active,True,True,research_paper,source_only,0,False,False,43,pdf_source_only,pursue:DOW-UAP-D129,
pursue,6,DOW-UAP-D154,DoW,pdf,active,True,True,transcript,extract,9,False,False,1,pdf_processed,pursue:DOW-UAP-D154,
pursue,6,DOW-UAP-PR159,DoW,video,active,False,False,,metadata_only,0,True,False,5,video_metadata_only,pursue:DOW-UAP-PR159,
pursue,6,DOW-UAP-PR160,DoW,audio,active,False,False,,metadata_only,0,True,False,0,audio_metadata_only,pursue:DOW-UAP-PR160,
pursue,6,LLE-UAP-PR001,LLE,video,active,False,False,,metadata_only,0,True,False,1,video_metadata_only,pursue:LLE-UAP-PR001,
pursue,6,LLE-UAP-PR002,LLE,video,active,False,False,,metadata_only,0,True,False,1,video_metadata_only,pursue:LLE-UAP-PR002,
pursue,1,,DoW,pdf,active,True,True,,extract,3,False,False,0,pdf_processed,pursue:h:435cb24c1eef68228c3a0205,
pursue,1,,DoW,pdf,active,True,True,,extract,2,False,False,0,pdf_processed,pursue:h:86395fa28c2db646478aec56,
pursue,1,,NASA,pdf,active,True,True,,extract,17,False,False,0,pdf_processed,pursue:h:6e5d000e8fb5d84c92321f06,
pursue,1,,DoW,pdf,active,True,True,,source_only,0,False,False,0,pdf_source_only,pursue:h:06ffb7ac7877b8501083b7c8,
pursue,1,,DoW,pdf,active,True,True,,extract,3,False,False,0,pdf_processed,pursue:h:a451a78f0aa3a0a7e438837a,
pursue,1,,DoW,pdf,active,True,True,,extract,1,False,False,0,pdf_processed,pursue:h:20de5538516a276b72a2ce85,
pursue,1,,DoW,pdf,active,True,True,,extract,1,False,False,0,pdf_processed,pursue:h:0ab04a1f97e38e3567780227,
pursue,1,,DoW,pdf,active,True,True,,extract,3,False,False,0,pdf_processed,pursue:h:3acc5062e175f1db4aca32da,
pursue,1,,DoW,pdf,active,True,True,,extract,6,False,False,0,pdf_processed,pursue:h:5a4c4190e3c9ef4fa178c64c,
pursue,1,,DoW,pdf,active,True,True,,source_only,0,False,False,0,pdf_source_only,pursue:h:cda24bc4b9b48ec288942875,
pursue,1,,State,pdf,active,True,True,,source_only,0,False,False,0,pdf_source_only,pursue:h:3a8de741f75900b34de520eb,
pursue,1,,State,pdf,active,False,False,,unprocessed,0,False,True,0,unrecoverable,pursue:h:de137120ce699271546cb2a9,r1_official_record_not_linked_url_drift
pursue,1,,FBI,pdf,active,True,True,,extract,1,False,False,0,pdf_processed,pursue:h:7dd391f0e2c40e6c20874fb2,
pursue,1,,FBI,pdf,active,True,True,,source_only,0,False,False,0,pdf_source_only,pursue:h:d9dd8eb8851ad9dbeae796a5,
pursue,1,,FBI,pdf,active,True,True,,extract,17,False,False,0,pdf_processed,pursue:h:13459f17d39acbc8e8a22611,
pursue,1,,FBI,pdf,active,True,True,,extract,45,False,False,0,pdf_processed,pursue:h:ed6da6422388504023deae2b,
pursue,1,,FBI,pdf,active,True,True,,extract,3,False,False,0,pdf_processed,pursue:h:d0ab79dd1070367fe8c676ec,
pursue,1,,FBI,pdf,active,True,True,,extract,3,False,False,0,pdf_processed,pursue:h:de92f70a6cd9f0d752739612,
pursue,1,,FBI,pdf,active,True,True,,extract,27,False,False,0,pdf_processed,pursue:h:b3aa6bba09e4b468454faf8d,
pursue,1,,FBI,pdf,active,True,True,,extract,25,False,False,0,pdf_processed,pursue:h:d86112375ce6e000fe42483e,
pursue,1,,FBI,pdf,active,True,True,,extract,27,False,False,0,pdf_processed,pursue:h:48ae348c7142d394dce21c99,
pursue,1,,FBI,pdf,active,True,True,,extract,26,False,False,0,pdf_processed,pursue:h:d9baca53fb8db592366ff9b8,
pursue,1,,FBI,pdf,active,True,True,,extract,11,False,False,0,pdf_processed,pursue:h:f83e5a8e151f05f8d416b8a0,
pursue,1,,FBI,pdf,active,True,True,,extract,35,False,False,0,pdf_processed,pursue:h:09105e14df5a605f85c70fa8,
pursue,1,,FBI,pdf,active,True,True,,extract,14,False,False,0,pdf_processed,pursue:h:979aafdb3ba0dc6fa8dffc9f,
pursue,1,,FBI,pdf,active,False,False,,unprocessed,0,False,True,0,unrecoverable,pursue:h:467aa993d9261d92e418d529,r1_official_record_not_linked_url_drift
pursue,1,,FBI,pdf,active,True,True,,source_only,0,False,False,0,pdf_source_only,pursue:h:4ed5c730aa6f2d5b7e7745fa,
pursue,1,,FBI,pdf,active,True,True,,extract,1,False,False,0,pdf_processed,pursue:h:50b74a3259bbf505df987cdc,
pursue,1,,FBI,pdf,active,True,True,,extract,1,False,False,0,pdf_processed,pursue:h:205808bb01cd1d134249d1a9,
pursue,1,,FBI,pdf,active,True,True,,extract,1,False,False,0,pdf_processed,pursue:h:1862d176b934913011b2915c,
pursue,1,,FBI,pdf,active,True,True,,extract,26,False,False,0,pdf_processed,pursue:h:95765684e8af06f7aa4196eb,
pursue,1,,FBI,pdf,active,True,True,,source_only,0,False,False,0,pdf_source_only,pursue:h:020a675ea9b395d4186f5e19,
pursue,3,CIA-UAP-002,CIA,pdf,active,True,True,contract,source_only,0,False,False,0,pdf_source_only,pursue:h:005d3227dc9457dbc8b9deee,
pursue,3,CIA-UAP-003,CIA,pdf,active,True,True,historical_case_file,extract,1,False,False,0,pdf_processed,pursue:h:b724dff505eb20093bd67d14,
pursue,3,CIA-UAP-004,CIA,pdf,active,True,True,historical_case_file,extract,0,False,False,0,pdf_processed,pursue:h:cb51ef0ed7bd594117c3ac24,
pursue,3,CIA-UAP-005,CIA,pdf,active,True,True,historical_case_file,extract,0,False,False,0,pdf_processed,pursue:h:a05a7e054e04f09661a1c928,
pursue,3,CIA-UAP-006,CIA,pdf,active,True,True,incident_report,extract,1,False,False,0,pdf_processed,pursue:h:bddf6c85847164737e624a5e,
pursue,3,CIA-UAP-007,CIA,pdf,active,True,True,historical_case_file,extract,0,False,False,0,pdf_processed,pursue:h:59d0249c60d7cac3b6ffaedc,
pursue,3,CIA-UAP-008,CIA,pdf,active,True,True,historical_case_file,extract,0,False,False,0,pdf_processed,pursue:h:afad69ab469d2a60534eaaf6,
pursue,3,CIA-UAP-009,CIA,pdf,active,True,True,other,source_only,0,False,True,0,pdf_source_only,pursue:h:893f09f301a6a3fed5d0ad60,unrecoverable_thumbnail
pursue,3,CIA-UAP-010,CIA,pdf,active,True,True,incident_report,extract,1,False,False,0,pdf_processed,pursue:h:3b46cc89bcfccac4754616fe,
pursue,3,CIA-UAP-011,CIA,pdf,active,True,True,historical_case_file,extract,1,False,False,0,pdf_processed,pursue:h:0f38ccd2502f6c25cfad327e,
pursue,3,CIA-UAP-012,CIA,pdf,active,True,True,historical_case_file,extract,0,False,False,0,pdf_processed,pursue:h:d77f53281337160cb919ec57,
pursue,3,CIA-UAP-013,CIA,pdf,active,True,True,correspondence,source_only,0,False,False,0,pdf_source_only,pursue:h:8c00c42ebbc24fa36343d9a8,
pursue,3,CIA-UAP-014,CIA,pdf,active,True,True,historical_case_file,extract,1,False,False,0,pdf_processed,pursue:h:8a8abb742aaa0b5c49e817e0,
pursue,3,CIA-UAP-015,CIA,pdf,active,True,True,historical_case_file,extract,0,False,False,0,pdf_processed,pursue:h:7aeb37cc48e58a1457f5b167,
pursue,3,CIA-UAP-016,CIA,pdf,active,True,True,historical_case_file,extract,4,False,False,0,pdf_processed,pursue:h:ac4d2be4da41da2fd337ee11,
pursue,3,CIA-UAP-017,CIA,pdf,active,True,True,incident_report,extract,1,False,False,0,pdf_processed,pursue:h:cfb25e976fbd1f16e1985e0a,
pursue,3,CIA-UAP-018,CIA,pdf,active,True,True,correspondence,source_only,0,False,False,0,pdf_source_only,pursue:h:0585e007fae415253ab7b2c1,
pursue,3,CIA-UAP-019,CIA,pdf,active,True,True,historical_case_file,extract,0,False,False,0,pdf_processed,pursue:h:8736230d08de5e314b204516,
pursue,2,CIA-UAP-D001,CIA,pdf,active,True,True,historical_case_file,extract,1,False,False,0,pdf_processed,pursue:CIA-UAP-D001,
pursue,4,CIA-UAP-D020,CIA,pdf,active,True,True,historical_case_file,extract,0,False,False,1,pdf_processed,pursue:CIA-UAP-D020,
pursue,4,CIA-UAP-D021,CIA,pdf,active,True,True,historical_case_file,extract,1,False,False,1,pdf_processed,pursue:CIA-UAP-D021,
pursue,5,CIA-UAP-D022,CIA,pdf,active,True,True,analysis,source_only,0,False,False,1,pdf_source_only,pursue:CIA-UAP-D022,
pursue,5,CIA-UAP-D023,CIA,pdf,active,True,True,incident_report,extract,3,False,False,1,pdf_processed,pursue:CIA-UAP-D023,
pursue,2,DOE-UAP-D001,DoE,pdf,active,True,True,incident_report,extract,0,False,False,1,pdf_processed,pursue:DOE-UAP-D001,
pursue,2,DOE-UAP-D002,DoE,pdf,active,True,True,correspondence,source_only,0,False,False,0,pdf_source_only,pursue:DOE-UAP-D002,
pursue,2,DOE-UAP-D003,DoE,pdf,active,True,True,administrative,source_only,0,False,False,0,pdf_source_only,pursue:DOE-UAP-D003,
pursue,4,DOE-UAP-D004,DoE,pdf,active,True,True,historical_case_file,extract,10,False,False,0,pdf_processed,pursue:DOE-UAP-D004,
pursue,4,DOE-UAP-D005,DoE,pdf,active,True,True,correspondence,extract,0,False,False,1,pdf_processed,pursue:DOE-UAP-D005,
pursue,5,DOS-UAP-D001,State,pdf,active,True,True,other,source_only,0,False,False,2,pdf_source_only,pursue:DOS-UAP-D001,
pursue,5,DOS-UAP-D002,State,pdf,active,True,True,historical_case_file,extract,1,False,False,2,pdf_processed,pursue:DOS-UAP-D002,
pursue,1,DOW-UAP-D003,DoW,pdf,active,True,True,,extract,1,False,False,0,pdf_processed,pursue:DOW-UAP-D003,
pursue,1,DOW-UAP-D004,DoW,pdf,active,True,True,,extract,1,False,False,0,pdf_processed,pursue:DOW-UAP-D004,
pursue,1,DOW-UAP-D005,DoW,pdf,active,True,True,,extract,2,False,False,0,pdf_processed,pursue:DOW-UAP-D005,
pursue,1,DOW-UAP-D006,DoW,pdf,active,True,True,,extract,1,False,False,0,pdf_processed,pursue:DOW-UAP-D006,
pursue,1,DOW-UAP-D007,DoW,pdf,active,True,True,,extract,1,False,False,0,pdf_processed,pursue:DOW-UAP-D007,
pursue,1,DOW-UAP-D008,DoW,pdf,active,True,True,,extract,1,False,False,0,pdf_processed,pursue:DOW-UAP-D008,
pursue,1,DOW-UAP-D010,DoW,pdf,active,True,True,,extract,1,False,False,1,pdf_processed,pursue:DOW-UAP-D010,
pursue,1,DOW-UAP-D012,DoW,pdf,active,True,True,,extract,1,False,False,0,pdf_processed,pursue:DOW-UAP-D012,
pursue,1,DOW-UAP-D014,DoW,pdf,active,True,True,,extract,1,False,False,1,pdf_processed,pursue:DOW-UAP-D014,
pursue,1,DOW-UAP-D016,DoW,pdf,active,True,True,,extract,1,False,False,1,pdf_processed,pursue:DOW-UAP-D016,
pursue,2,DOW-UAP-D017,DoW,pdf,active,True,True,historical_case_file,extract,7,False,False,0,pdf_processed,pursue:DOW-UAP-D017,
pursue,1,DOW-UAP-D018,DoW,pdf,active,True,True,,extract,1,False,False,1,pdf_processed,pursue:DOW-UAP-D018,
pursue,1,DOW-UAP-D019,DoW,pdf,active,True,True,,extract,2,False,False,0,pdf_processed,pursue:DOW-UAP-D019,
pursue,1,DOW-UAP-D020,DoW,pdf,active,False,False,,unprocessed,0,False,True,0,unrecoverable,pursue:DOW-UAP-D020,r1_official_record_not_linked_url_drift
pursue,1,DOW-UAP-D023,DoW,pdf,active,True,True,,extract,1,False,False,2,pdf_processed,pursue:DOW-UAP-D023,
pursue,1,DOW-UAP-D025,DoW,pdf,active,True,True,,extract,1,False,False,0,pdf_processed,pursue:DOW-UAP-D025,
pursue,1,DOW-UAP-D027,DoW,pdf,active,True,True,,extract,1,False,False,0,pdf_processed,pursue:DOW-UAP-D027,
pursue,1,DOW-UAP-D028,DoW,pdf,active,True,True,,extract,2,False,False,0,pdf_processed,pursue:DOW-UAP-D028,
pursue,1,DOW-UAP-D032,DoW,pdf,active,True,True,,extract,1,False,False,3,pdf_processed,pursue:DOW-UAP-D032,
pursue,1,DOW-UAP-D033,DoW,pdf,active,True,True,,extract,1,False,False,1,pdf_processed,pursue:DOW-UAP-D033,
pursue,1,DOW-UAP-D035,DoW,pdf,active,True,True,,extract,1,False,False,1,pdf_processed,pursue:DOW-UAP-D035,
pursue,1,DOW-UAP-D038,DoW,pdf,active,True,True,,extract,1,False,False,1,pdf_processed,pursue:DOW-UAP-D038,
pursue,1,DOW-UAP-D042,DoW,pdf,active,True,True,,extract,1,False,False,0,pdf_processed,pursue:DOW-UAP-D042,
pursue,1,DOW-UAP-D044,DoW,pdf,active,True,True,,extract,1,False,False,0,pdf_processed,pursue:DOW-UAP-D044,
pursue,1,DOW-UAP-D048,DoW,pdf,active,True,True,,source_only,0,False,False,0,pdf_source_only,pursue:DOW-UAP-D048,
pursue,1,DOW-UAP-D049,DoW,pdf,active,True,True,,source_only,0,False,False,0,pdf_source_only,pursue:DOW-UAP-D049,
pursue,1,DOW-UAP-D050,DoW,pdf,active,True,True,,extract,1,False,False,0,pdf_processed,pursue:DOW-UAP-D050,
pursue,1,DOW-UAP-D051,DoW,pdf,active,True,True,,extract,1,False,False,0,pdf_processed,pursue:DOW-UAP-D051,
pursue,1,DOW-UAP-D052,DoW,pdf,active,True,True,,extract,1,False,False,0,pdf_processed,pursue:DOW-UAP-D052,
pursue,1,DOW-UAP-D054,DoW,pdf,active,True,True,,extract,1,False,False,0,pdf_processed,pursue:DOW-UAP-D054,
pursue,1,DOW-UAP-D055,DoW,pdf,active,True,True,,extract,1,False,False,0,pdf_processed,pursue:DOW-UAP-D055,
pursue,1,DOW-UAP-D056,DoW,pdf,active,True,True,,extract,1,False,False,0,pdf_processed,pursue:DOW-UAP-D056,
pursue,1,DOW-UAP-D057,DoW,pdf,active,True,True,,extract,1,False,False,0,pdf_processed,pursue:DOW-UAP-D057,
pursue,1,DOW-UAP-D058,DoW,pdf,active,True,True,,extract,1,False,False,0,pdf_processed,pursue:DOW-UAP-D058,
pursue,1,DOW-UAP-D060,DoW,pdf,active,True,True,,extract,1,False,False,0,pdf_processed,pursue:DOW-UAP-D060,
pursue,1,DOW-UAP-D061,DoW,pdf,active,True,True,,extract,1,False,False,0,pdf_processed,pursue:DOW-UAP-D061,
pursue,1,DOW-UAP-D062,DoW,pdf,active,True,True,,extract,1,False,False,0,pdf_processed,pursue:DOW-UAP-D062,
pursue,1,DOW-UAP-D063,DoW,pdf,active,True,True,,extract,1,False,False,0,pdf_processed,pursue:DOW-UAP-D063,
pursue,1,DOW-UAP-D064,DoW,pdf,active,True,True,,extract,2,False,False,0,pdf_processed,pursue:DOW-UAP-D064,
pursue,1,DOW-UAP-D065,DoW,pdf,active,True,True,,extract,1,False,False,0,pdf_processed,pursue:DOW-UAP-D065,
pursue,1,DOW-UAP-D074,DoW,pdf,active,True,True,,extract,1,False,False,0,pdf_processed,pursue:DOW-UAP-D074,
pursue,1,DOW-UAP-D075,DoW,pdf,active,True,True,,source_only,0,False,False,0,pdf_source_only,pursue:DOW-UAP-D075,
pursue,3,DOW-UAP-D077,DoW,pdf,active,True,True,analysis,source_only,0,False,False,1,pdf_source_only,pursue:DOW-UAP-D077,
pursue,3,DOW-UAP-D078,DoW,pdf,active,True,True,incident_report,extract,3,False,False,1,pdf_processed,pursue:DOW-UAP-D078,
pursue,3,DOW-UAP-D079,DoW,pdf,active,True,True,incident_report,extract,4,False,False,4,pdf_processed,pursue:DOW-UAP-D079,
pursue,3,DOW-UAP-D080,DoW,pdf,active,True,True,incident_report,extract,3,False,False,8,pdf_processed,pursue:DOW-UAP-D080,
pursue,3,DOW-UAP-D081,DoW,pdf,active,True,True,incident_report,extract,1,False,False,3,pdf_processed,pursue:DOW-UAP-D081,
pursue,3,DOW-UAP-D082,DoW,pdf,active,True,True,incident_report,extract,12,False,False,1,pdf_processed,pursue:DOW-UAP-D082,
pursue,3,DOW-UAP-D083,DoW,pdf,active,True,True,incident_report,extract,5,False,False,1,pdf_processed,pursue:DOW-UAP-D083,
pursue,3,DOW-UAP-D084,DoW,pdf,active,True,True,historical_case_file,extract,0,False,False,0,pdf_processed,pursue:DOW-UAP-D084,
pursue,3,DOW-UAP-D085,DoW,pdf,active,True,True,other,source_only,0,False,False,0,pdf_source_only,pursue:DOW-UAP-D085,
pursue,3,DOW-UAP-D086,DoW,pdf,active,True,True,other,source_only,0,False,False,0,pdf_source_only,pursue:DOW-UAP-D086,
pursue,3,DOW-UAP-D087,DoW,pdf,active,True,True,historical_case_file,extract,5,False,False,0,pdf_processed,pursue:DOW-UAP-D087,
pursue,3,DOW-UAP-D088,DoW,pdf,active,True,True,historical_case_file,extract,67,False,False,0,pdf_processed,pursue:DOW-UAP-D088,
pursue,4,DOW-UAP-D089,DoW,pdf,active,True,True,transcript,extract,1,False,False,1,pdf_processed,pursue:DOW-UAP-D089,
pursue,4,DOW-UAP-D090,DoW,pdf,active,True,True,other,source_only,0,False,False,1,pdf_source_only,pursue:DOW-UAP-D090,
pursue,4,DOW-UAP-D091,DoW,pdf,active,True,True,transcript,extract,1,False,False,1,pdf_processed,pursue:DOW-UAP-D091,
pursue,4,DOW-UAP-D092,DoW,pdf,active,True,True,contract,source_only,0,False,False,0,pdf_source_only,pursue:DOW-UAP-D092,
pursue,4,DOW-UAP-D093,DoW,pdf,active,True,True,administrative,source_only,0,False,False,0,pdf_source_only,pursue:DOW-UAP-D093,
pursue,4,DOW-UAP-D094,DoW,pdf,active,True,True,analysis,source_only,0,False,False,0,pdf_source_only,pursue:DOW-UAP-D094,
pursue,4,DOW-UAP-D095,DoW,pdf,active,True,True,correspondence,source_only,0,False,False,0,pdf_source_only,pursue:DOW-UAP-D095,
pursue,4,DOW-UAP-D096,DoW,pdf,active,True,True,correspondence,source_only,0,False,False,0,pdf_source_only,pursue:DOW-UAP-D096,
pursue,4,DOW-UAP-D097,DoW,pdf,active,True,True,historical_case_file,extract,1,False,False,0,pdf_processed,pursue:DOW-UAP-D097,
pursue,5,DOW-UAP-D098,DoW,pdf,active,True,True,correspondence,source_only,0,False,False,4,pdf_source_only,pursue:DOW-UAP-D098,
pursue,5,DOW-UAP-D099,DoW,pdf,active,True,True,historical_case_file,extract,2,False,False,0,pdf_processed,pursue:DOW-UAP-D099,
pursue,5,DOW-UAP-D100,DoW,pdf,active,True,True,correspondence,source_only,0,False,False,0,pdf_source_only,pursue:DOW-UAP-D100,
pursue,5,DOW-UAP-D101,DoW,pdf,active,True,True,incident_report,extract,0,False,False,6,pdf_processed,pursue:DOW-UAP-D101,
pursue,6,DOW-UAP-D103,DoW,pdf,active,True,True,historical_case_file,extract,1,False,False,5,pdf_processed,pursue:DOW-UAP-D103,
pursue,6,DOW-UAP-D104,DoW,pdf,active,True,True,personnel_record,source_only,0,False,False,5,pdf_source_only,pursue:DOW-UAP-D104,
pursue,6,DOW-UAP-D105,DoW,pdf,active,True,True,administrative,source_only,0,False,False,5,pdf_source_only,pursue:DOW-UAP-D105,
pursue,6,DOW-UAP-D106,DoW,pdf,active,True,True,other,source_only,0,False,False,2,pdf_source_only,pursue:DOW-UAP-D106,
pursue,6,DOW-UAP-D107,DoW,pdf,active,True,True,analysis,source_only,0,False,False,1,pdf_source_only,pursue:DOW-UAP-D107,
pursue,6,DOW-UAP-D108,DoW,pdf,active,True,True,analysis,source_only,0,False,False,1,pdf_source_only,pursue:DOW-UAP-D108,
pursue,6,DOW-UAP-D109,DoW,pdf,active,True,True,other,source_only,0,False,False,2,pdf_source_only,pursue:DOW-UAP-D109,
pursue,6,DOW-UAP-D112,DoW,pdf,active,True,True,contract,source_only,0,False,False,43,pdf_source_only,pursue:DOW-UAP-D112,
pursue,6,DOW-UAP-D113,DoW,pdf,active,True,True,contract,source_only,0,False,False,43,pdf_source_only,pursue:DOW-UAP-D113,
pursue,6,DOW-UAP-D114,DoW,pdf,active,True,True,contract,source_only,0,False,False,43,pdf_source_only,pursue:DOW-UAP-D114,
pursue,6,DOW-UAP-D115,DoW,pdf,active,True,True,contract,source_only,0,False,False,43,pdf_source_only,pursue:DOW-UAP-D115,
pursue,6,DOW-UAP-D116,DoW,pdf,active,True,True,contract,source_only,0,False,False,43,pdf_source_only,pursue:DOW-UAP-D116,
pursue,6,DOW-UAP-D118,DoW,pdf,active,True,True,other,source_only,0,False,False,43,pdf_source_only,pursue:DOW-UAP-D118,
pursue,6,DOW-UAP-D119,DoW,pdf,active,True,True,other,source_only,0,False,False,43,pdf_source_only,pursue:DOW-UAP-D119,
pursue,6,DOW-UAP-D120,DoW,pdf,active,True,True,analysis,source_only,0,False,False,43,pdf_source_only,pursue:DOW-UAP-D120,
pursue,6,DOW-UAP-D121,DoW,pdf,active,True,True,other,source_only,0,False,False,43,pdf_source_only,pursue:DOW-UAP-D121,
pursue,6,DOW-UAP-D122,DoW,pdf,active,True,True,other,source_only,0,False,False,43,pdf_source_only,pursue:DOW-UAP-D122,
pursue,6,DOW-UAP-D123,DoW,pdf,active,True,True,analysis,source_only,0,False,False,43,pdf_source_only,pursue:DOW-UAP-D123,
pursue,6,DOW-UAP-D124,DoW,pdf,active,True,True,research_paper,source_only,0,False,False,43,pdf_source_only,pursue:DOW-UAP-D124,
pursue,6,DOW-UAP-D125,DoW,pdf,active,True,True,other,source_only,0,False,False,43,pdf_source_only,pursue:DOW-UAP-D125,
pursue,6,DOW-UAP-D126,DoW,pdf,active,True,True,research_paper,source_only,0,False,False,43,pdf_source_only,pursue:DOW-UAP-D126,
pursue,6,DOW-UAP-D127,DoW,pdf,active,True,True,research_paper,source_only,0,False,False,43,pdf_source_only,pursue:DOW-UAP-D127,
pursue,6,DOW-UAP-D128,DoW,pdf,active,True,True,other,source_only,0,False,False,43,pdf_source_only,pursue:DOW-UAP-D128,
pursue,6,DOW-UAP-D130,DoW,pdf,active,True,True,other,source_only,0,False,False,43,pdf_source_only,pursue:DOW-UAP-D130,
pursue,6,DOW-UAP-D131,DoW,pdf,active,True,True,other,source_only,0,False,False,43,pdf_source_only,pursue:DOW-UAP-D131,
pursue,6,DOW-UAP-D132,DoW,pdf,active,True,True,research_paper,source_only,0,False,False,43,pdf_source_only,pursue:DOW-UAP-D132,
pursue,6,DOW-UAP-D133,DoW,pdf,active,True,True,analysis,source_only,0,False,False,43,pdf_source_only,pursue:DOW-UAP-D133,
pursue,6,DOW-UAP-D134,DoW,pdf,active,True,True,other,source_only,0,False,False,43,pdf_source_only,pursue:DOW-UAP-D134,
pursue,6,DOW-UAP-D135,DoW,pdf,active,True,True,research_paper,source_only,0,False,False,43,pdf_source_only,pursue:DOW-UAP-D135,
pursue,6,DOW-UAP-D136,DoW,pdf,active,True,True,other,source_only,0,False,False,43,pdf_source_only,pursue:DOW-UAP-D136,
pursue,6,DOW-UAP-D137,DoW,pdf,active,True,True,research_paper,source_only,0,False,False,43,pdf_source_only,pursue:DOW-UAP-D137,
pursue,6,DOW-UAP-D138,DoW,pdf,active,True,True,research_paper,source_only,0,False,False,43,pdf_source_only,pursue:DOW-UAP-D138,
pursue,6,DOW-UAP-D139,DoW,pdf,active,True,True,research_paper,source_only,0,False,False,43,pdf_source_only,pursue:DOW-UAP-D139,
pursue,6,DOW-UAP-D140,DoW,pdf,active,True,True,research_paper,source_only,0,False,False,43,pdf_source_only,pursue:DOW-UAP-D140,
pursue,6,DOW-UAP-D141,DoW,pdf,active,True,True,research_paper,source_only,0,False,False,43,pdf_source_only,pursue:DOW-UAP-D141,
pursue,6,DOW-UAP-D142,DoW,pdf,active,True,True,research_paper,source_only,0,False,False,43,pdf_source_only,pursue:DOW-UAP-D142,
pursue,6,DOW-UAP-D143,DoW,pdf,active,True,True,research_paper,source_only,0,False,False,43,pdf_source_only,pursue:DOW-UAP-D143,
pursue,6,DOW-UAP-D144,DoW,pdf,active,True,True,research_paper,source_only,0,False,False,43,pdf_source_only,pursue:DOW-UAP-D144,
pursue,6,DOW-UAP-D145,DoW,pdf,active,True,True,research_paper,source_only,0,False,False,43,pdf_source_only,pursue:DOW-UAP-D145,
pursue,6,DOW-UAP-D146,DoW,pdf,active,True,True,research_paper,source_only,0,False,False,43,pdf_source_only,pursue:DOW-UAP-D146,
pursue,6,DOW-UAP-D147,DoW,pdf,active,True,True,other,source_only,0,False,False,43,pdf_source_only,pursue:DOW-UAP-D147,
pursue,6,DOW-UAP-D148,DoW,pdf,active,True,True,research_paper,source_only,0,False,False,43,pdf_source_only,pursue:DOW-UAP-D148,
pursue,6,DOW-UAP-D149,DoW,pdf,active,True,True,research_paper,source_only,0,False,False,43,pdf_source_only,pursue:DOW-UAP-D149,
pursue,6,DOW-UAP-D150,DoW,pdf,active,True,True,research_paper,source_only,0,False,False,43,pdf_source_only,pursue:DOW-UAP-D150,
pursue,6,DOW-UAP-D151,DoW,pdf,active,True,True,other,source_only,0,False,False,43,pdf_source_only,pursue:DOW-UAP-D151,
pursue,6,DOW-UAP-D152,DoW,pdf,active,True,True,research_paper,source_only,0,False,False,43,pdf_source_only,pursue:DOW-UAP-D152,
pursue,6,DOW-UAP-D153,DoW,pdf,active,True,True,research_paper,source_only,0,False,False,43,pdf_source_only,pursue:DOW-UAP-D153,
pursue,1,DOW-UAP-PR019,DoW,video,active,True,True,,metadata_only,1,True,False,1,video_metadata_only,pursue:DOW-UAP-PR019,
pursue,1,DOW-UAP-PR020,DoW,pdf,active,True,True,,extract,1,False,False,1,pdf_processed,pursue:DOW-UAP-PR020,
pursue,1,DOW-UAP-PR021,DoW,video,active,True,True,,metadata_only,0,True,False,1,video_metadata_only,pursue:DOW-UAP-PR021,
pursue,1,DOW-UAP-PR022,DoW,video,active,True,True,,metadata_only,0,True,False,1,video_metadata_only,pursue:DOW-UAP-PR022,
pursue,1,DOW-UAP-PR023,DoW,video,active,True,True,,metadata_only,0,True,False,1,video_metadata_only,pursue:DOW-UAP-PR023,
pursue,4,DOW-UAP-PR024,DoW,video,active,False,False,,metadata_only,0,True,False,0,video_metadata_only,pursue:DOW-UAP-PR024,
pursue,1,DOW-UAP-PR026,DoW,video,active,True,True,,metadata_only,0,True,False,2,video_metadata_only,pursue:DOW-UAP-PR026,
pursue,1,DOW-UAP-PR027,DoW,video,active,True,True,,metadata_only,0,True,False,2,video_metadata_only,pursue:DOW-UAP-PR027,
pursue,1,DOW-UAP-PR028,DoW,video,active,True,True,,metadata_only,0,True,False,0,video_metadata_only,pursue:DOW-UAP-PR028,
pursue,1,DOW-UAP-PR029,DoW,video,active,True,True,,metadata_only,0,True,False,0,video_metadata_only,pursue:DOW-UAP-PR029,
pursue,4,DOW-UAP-PR030,DoW,video,active,False,False,,metadata_only,0,True,False,0,video_metadata_only,pursue:DOW-UAP-PR030,
pursue,1,DOW-UAP-PR031,DoW,video,active,True,True,,metadata_only,0,True,False,3,video_metadata_only,pursue:DOW-UAP-PR031,
pursue,1,DOW-UAP-PR032,DoW,video,active,True,True,,metadata_only,0,True,False,3,video_metadata_only,pursue:DOW-UAP-PR032,
pursue,1,DOW-UAP-PR033,DoW,video,active,True,True,,metadata_only,0,True,False,3,video_metadata_only,pursue:DOW-UAP-PR033,
pursue,1,DOW-UAP-PR034,DoW,video,active,True,True,,metadata_only,1,True,False,1,video_metadata_only,pursue:DOW-UAP-PR034,
pursue,1,DOW-UAP-PR035,DoW,video,active,True,True,,metadata_only,1,True,False,1,video_metadata_only,pursue:DOW-UAP-PR035,
pursue,1,DOW-UAP-PR036,DoW,video,active,True,True,,metadata_only,1,True,False,1,video_metadata_only,pursue:DOW-UAP-PR036,
pursue,1,DOW-UAP-PR037,DoW,video,active,True,True,,metadata_only,0,True,False,0,video_metadata_only,pursue:DOW-UAP-PR037,
pursue,1,DOW-UAP-PR038,DoW,video,active,True,True,,metadata_only,0,True,False,0,video_metadata_only,pursue:DOW-UAP-PR038,
pursue,1,DOW-UAP-PR039,DoW,video,active,True,True,,metadata_only,0,True,False,0,video_metadata_only,pursue:DOW-UAP-PR039,
pursue,1,DOW-UAP-PR040,DoW,video,active,True,True,,metadata_only,0,True,False,0,video_metadata_only,pursue:DOW-UAP-PR040,
pursue,1,DOW-UAP-PR041,DoW,video,active,True,True,,metadata_only,0,True,False,0,video_metadata_only,pursue:DOW-UAP-PR041,
pursue,1,DOW-UAP-PR042,DoW,video,active,True,True,,metadata_only,0,True,False,0,video_metadata_only,pursue:DOW-UAP-PR042,
pursue,1,DOW-UAP-PR043,DoW,video,active,True,True,,metadata_only,0,True,False,0,video_metadata_only,pursue:DOW-UAP-PR043,
pursue,1,DOW-UAP-PR044,DoW,video,active,True,True,,metadata_only,0,True,False,0,video_metadata_only,pursue:DOW-UAP-PR044,
pursue,1,DOW-UAP-PR045,DoW,video,active,True,True,,metadata_only,0,True,False,0,video_metadata_only,pursue:DOW-UAP-PR045,
pursue,1,DOW-UAP-PR046,DoW,video,active,True,True,,metadata_only,0,True,False,0,video_metadata_only,pursue:DOW-UAP-PR046,
pursue,1,DOW-UAP-PR047,DoW,video,active,True,True,,metadata_only,0,True,False,0,video_metadata_only,pursue:DOW-UAP-PR047,
pursue,1,DOW-UAP-PR048,DoW,video,active,True,True,,metadata_only,0,True,False,0,video_metadata_only,pursue:DOW-UAP-PR048,
pursue,1,DOW-UAP-PR049,DoW,video,active,True,True,,metadata_only,0,True,False,0,video_metadata_only,pursue:DOW-UAP-PR049,
pursue,2,DOW-UAP-PR050,DoW,video,active,False,False,,metadata_only,0,True,False,0,video_metadata_only,pursue:DOW-UAP-PR050,
pursue,2,DOW-UAP-PR051,DoW,video,active,False,False,,metadata_only,0,True,False,0,video_metadata_only,pursue:DOW-UAP-PR051,
pursue,2,DOW-UAP-PR052,DoW,video,active,False,False,,metadata_only,0,True,False,0,video_metadata_only,pursue:DOW-UAP-PR052,
pursue,2,DOW-UAP-PR053,DoW,video,active,False,False,,metadata_only,0,True,False,0,video_metadata_only,pursue:DOW-UAP-PR053,
pursue,2,DOW-UAP-PR054,DoW,video,active,False,False,,metadata_only,0,True,False,0,video_metadata_only,pursue:DOW-UAP-PR054,
pursue,2,DOW-UAP-PR055,DoW,video,active,False,False,,metadata_only,0,True,False,0,video_metadata_only,pursue:DOW-UAP-PR055,
pursue,2,DOW-UAP-PR056,DoW,video,active,False,False,,metadata_only,0,True,False,0,video_metadata_only,pursue:DOW-UAP-PR056,
pursue,2,DOW-UAP-PR057A,DoW,video,active,False,False,,metadata_only,0,True,False,0,video_metadata_only,pursue:DOW-UAP-PR057A,
pursue,2,DOW-UAP-PR057B,DoW,video,active,False,False,,metadata_only,0,True,False,0,video_metadata_only,pursue:DOW-UAP-PR057B,
pursue,2,DOW-UAP-PR058,DoW,video,active,False,False,,metadata_only,0,True,False,0,video_metadata_only,pursue:DOW-UAP-PR058,
pursue,2,DOW-UAP-PR059,DoW,video,active,False,False,,metadata_only,0,True,False,0,video_metadata_only,pursue:DOW-UAP-PR059,
pursue,2,DOW-UAP-PR060,DoW,video,active,False,False,,metadata_only,0,True,False,0,video_metadata_only,pursue:DOW-UAP-PR060,
pursue,2,DOW-UAP-PR061,DoW,video,active,False,False,,metadata_only,0,True,False,0,video_metadata_only,pursue:DOW-UAP-PR061,
pursue,2,DOW-UAP-PR062,DoW,video,active,False,False,,metadata_only,0,True,False,0,video_metadata_only,pursue:DOW-UAP-PR062,
pursue,2,DOW-UAP-PR063,DoW,video,active,False,False,,metadata_only,0,True,False,0,video_metadata_only,pursue:DOW-UAP-PR063,
pursue,2,DOW-UAP-PR064,DoW,video,active,False,False,,metadata_only,0,True,False,0,video_metadata_only,pursue:DOW-UAP-PR064,
pursue,2,DOW-UAP-PR065,DoW,video,active,False,False,,metadata_only,0,True,False,0,video_metadata_only,pursue:DOW-UAP-PR065,
pursue,2,DOW-UAP-PR066,DoW,video,active,False,False,,metadata_only,0,True,False,0,video_metadata_only,pursue:DOW-UAP-PR066,
pursue,2,DOW-UAP-PR067,DoW,video,active,False,False,,metadata_only,0,True,False,0,video_metadata_only,pursue:DOW-UAP-PR067,
pursue,2,DOW-UAP-PR068,DoW,video,active,False,False,,metadata_only,0,True,False,0,video_metadata_only,pursue:DOW-UAP-PR068,
pursue,2,DOW-UAP-PR069,DoW,video,active,False,False,,metadata_only,0,True,False,0,video_metadata_only,pursue:DOW-UAP-PR069,
pursue,2,DOW-UAP-PR070,DoW,video,active,False,False,,metadata_only,0,True,False,0,video_metadata_only,pursue:DOW-UAP-PR070,
pursue,2,DOW-UAP-PR071,DoW,video,active,False,False,,metadata_only,0,True,False,0,video_metadata_only,pursue:DOW-UAP-PR071,
pursue,2,DOW-UAP-PR072,DoW,video,active,False,False,,metadata_only,0,True,False,0,video_metadata_only,pursue:DOW-UAP-PR072,
pursue,2,DOW-UAP-PR073,DoW,video,active,False,False,,metadata_only,0,True,False,0,video_metadata_only,pursue:DOW-UAP-PR073,
pursue,2,DOW-UAP-PR074,DoW,video,active,False,False,,metadata_only,0,True,False,0,video_metadata_only,pursue:DOW-UAP-PR074,
pursue,2,DOW-UAP-PR075,DoW,video,active,False,False,,metadata_only,0,True,False,0,video_metadata_only,pursue:DOW-UAP-PR075,
pursue,2,DOW-UAP-PR076,DoW,video,active,False,False,,metadata_only,0,True,False,0,video_metadata_only,pursue:DOW-UAP-PR076,
pursue,2,DOW-UAP-PR077,DoW,video,active,False,False,,metadata_only,0,True,False,0,video_metadata_only,pursue:DOW-UAP-PR077,
pursue,2,DOW-UAP-PR078,DoW,video,active,False,False,,metadata_only,0,True,False,0,video_metadata_only,pursue:DOW-UAP-PR078,
pursue,2,DOW-UAP-PR079,DoW,video,active,False,False,,metadata_only,0,True,False,0,video_metadata_only,pursue:DOW-UAP-PR079,
pursue,2,DOW-UAP-PR080,DoW,video,active,False,False,,metadata_only,0,True,False,0,video_metadata_only,pursue:DOW-UAP-PR080,
pursue,2,DOW-UAP-PR081,DoW,video,active,False,False,,metadata_only,0,True,False,0,video_metadata_only,pursue:DOW-UAP-PR081,
pursue,2,DOW-UAP-PR082,DoW,video,active,False,False,,metadata_only,0,True,False,0,video_metadata_only,pursue:DOW-UAP-PR082,
pursue,2,DOW-UAP-PR083,DoW,video,active,False,False,,metadata_only,0,True,False,0,video_metadata_only,pursue:DOW-UAP-PR083,
pursue,2,DOW-UAP-PR084,DoW,video,active,False,False,,metadata_only,0,True,False,0,video_metadata_only,pursue:DOW-UAP-PR084,
pursue,2,DOW-UAP-PR085,DoW,video,active,False,False,,metadata_only,0,True,False,0,video_metadata_only,pursue:DOW-UAP-PR085,
pursue,2,DOW-UAP-PR086,DoW,video,active,False,False,,metadata_only,0,True,False,0,video_metadata_only,pursue:DOW-UAP-PR086,
pursue,2,DOW-UAP-PR087,DoW,video,active,False,False,,metadata_only,0,True,False,0,video_metadata_only,pursue:DOW-UAP-PR087,
pursue,2,DOW-UAP-PR088,DoW,video,active,False,False,,metadata_only,0,True,False,0,video_metadata_only,pursue:DOW-UAP-PR088,
pursue,2,DOW-UAP-PR089,DoW,video,active,False,False,,metadata_only,0,True,False,0,video_metadata_only,pursue:DOW-UAP-PR089,
pursue,2,DOW-UAP-PR090,DoW,video,active,False,False,,metadata_only,0,True,False,0,video_metadata_only,pursue:DOW-UAP-PR090,
pursue,2,DOW-UAP-PR091,DoW,video,active,False,False,,metadata_only,0,True,False,0,video_metadata_only,pursue:DOW-UAP-PR091,
pursue,2,DOW-UAP-PR092,DoW,video,active,False,False,,metadata_only,0,True,False,0,video_metadata_only,pursue:DOW-UAP-PR092,
pursue,2,DOW-UAP-PR093,DoW,video,active,False,False,,metadata_only,0,True,False,0,video_metadata_only,pursue:DOW-UAP-PR093,
pursue,2,DOW-UAP-PR094,DoW,video,active,False,False,,metadata_only,0,True,False,0,video_metadata_only,pursue:DOW-UAP-PR094,
pursue,2,DOW-UAP-PR095,DoW,video,active,False,False,,metadata_only,0,True,False,0,video_metadata_only,pursue:DOW-UAP-PR095,
pursue,2,DOW-UAP-PR096,DoW,video,active,False,False,,metadata_only,0,True,False,0,video_metadata_only,pursue:DOW-UAP-PR096,
pursue,2,DOW-UAP-PR097,DoW,video,active,False,False,,metadata_only,0,True,False,0,video_metadata_only,pursue:DOW-UAP-PR097,
pursue,2,DOW-UAP-PR098,DoW,video,active,False,False,,metadata_only,0,True,False,0,video_metadata_only,pursue:DOW-UAP-PR098,
pursue,2,DOW-UAP-PR099,DoW,video,active,False,False,,metadata_only,0,True,False,0,video_metadata_only,pursue:DOW-UAP-PR099,
pursue,4,DOW-UAP-PR100,DoW,video,active,False,False,,metadata_only,0,True,False,0,video_metadata_only,pursue:DOW-UAP-PR100,
pursue,4,DOW-UAP-PR101,DoW,video,active,False,False,,metadata_only,0,True,False,0,video_metadata_only,pursue:DOW-UAP-PR101,
pursue,4,DOW-UAP-PR102,DoW,video,active,False,False,,metadata_only,0,True,False,0,video_metadata_only,pursue:DOW-UAP-PR102,
pursue,4,DOW-UAP-PR103,DoW,video,active,False,False,,metadata_only,0,True,False,0,video_metadata_only,pursue:DOW-UAP-PR103,
pursue,4,DOW-UAP-PR104,DoW,video,active,False,False,,metadata_only,0,True,False,0,video_metadata_only,pursue:DOW-UAP-PR104,
pursue,4,DOW-UAP-PR105,DoW,video,active,False,False,,metadata_only,0,True,False,0,video_metadata_only,pursue:DOW-UAP-PR105,
pursue,4,DOW-UAP-PR106,DoW,video,active,False,False,,metadata_only,0,True,False,1,video_metadata_only,pursue:DOW-UAP-PR106,
pursue,4,DOW-UAP-PR107,DoW,video,active,False,False,,metadata_only,0,True,False,0,video_metadata_only,pursue:DOW-UAP-PR107,
pursue,4,DOW-UAP-PR108,DoW,video,active,False,False,,metadata_only,0,True,False,0,video_metadata_only,pursue:DOW-UAP-PR108,
pursue,4,DOW-UAP-PR109,DoW,video,active,False,False,,metadata_only,0,True,False,0,video_metadata_only,pursue:DOW-UAP-PR109,
pursue,4,DOW-UAP-PR110,DoW,video,active,False,False,,metadata_only,0,True,False,0,video_metadata_only,pursue:DOW-UAP-PR110,
pursue,4,DOW-UAP-PR111,DoW,video,active,False,False,,metadata_only,0,True,False,0,video_metadata_only,pursue:DOW-UAP-PR111,
pursue,4,DOW-UAP-PR112,DoW,video,active,False,False,,metadata_only,0,True,False,1,video_metadata_only,pursue:DOW-UAP-PR112,
pursue,4,DOW-UAP-PR113,DoW,video,active,False,False,,metadata_only,0,True,False,0,video_metadata_only,pursue:DOW-UAP-PR113,
pursue,4,DOW-UAP-PR114,DoW,video,active,False,False,,metadata_only,0,True,False,0,video_metadata_only,pursue:DOW-UAP-PR114,
pursue,4,DOW-UAP-PR115,DoW,video,active,False,False,,metadata_only,0,True,False,0,video_metadata_only,pursue:DOW-UAP-PR115,
pursue,4,DOW-UAP-PR116,DoW,video,active,False,False,,metadata_only,0,True,False,1,video_metadata_only,pursue:DOW-UAP-PR116,
pursue,5,DOW-UAP-PR117,DoW,video,active,False,False,,metadata_only,0,True,False,6,video_metadata_only,pursue:DOW-UAP-PR117,
pursue,5,DOW-UAP-PR118,DoW,video,active,False,False,,metadata_only,0,True,False,6,video_metadata_only,pursue:DOW-UAP-PR118,
pursue,5,DOW-UAP-PR119,DoW,video,active,False,False,,metadata_only,0,True,False,6,video_metadata_only,pursue:DOW-UAP-PR119,
pursue,5,DOW-UAP-PR120,DoW,video,active,False,False,,metadata_only,0,True,False,6,video_metadata_only,pursue:DOW-UAP-PR120,
pursue,5,DOW-UAP-PR121,DoW,video,active,False,False,,metadata_only,0,True,False,6,video_metadata_only,pursue:DOW-UAP-PR121,
pursue,5,DOW-UAP-PR122,DoW,video,active,False,False,,metadata_only,0,True,False,6,video_metadata_only,pursue:DOW-UAP-PR122,
pursue,5,DOW-UAP-PR123,DoW,video,active,False,False,,metadata_only,0,True,False,4,video_metadata_only,pursue:DOW-UAP-PR123,
pursue,5,DOW-UAP-PR124,DoW,video,active,False,False,,metadata_only,0,True,False,4,video_metadata_only,pursue:DOW-UAP-PR124,
pursue,5,DOW-UAP-PR125,DoW,video,active,False,False,,metadata_only,0,True,False,4,video_metadata_only,pursue:DOW-UAP-PR125,
pursue,5,DOW-UAP-PR126,DoW,video,active,False,False,,metadata_only,0,True,False,4,video_metadata_only,pursue:DOW-UAP-PR126,
pursue,5,DOW-UAP-PR127,DoW,video,active,False,False,,metadata_only,0,True,False,4,video_metadata_only,pursue:DOW-UAP-PR127,
pursue,6,DOW-UAP-PR130,DoW,pdf,active,True,True,other,source_only,0,False,False,1,pdf_source_only,pursue:DOW-UAP-PR130,
pursue,6,DOW-UAP-PR131,DoW,pdf,active,True,True,other,source_only,0,False,False,1,pdf_source_only,pursue:DOW-UAP-PR131,
pursue,6,DOW-UAP-PR133,DoW,video,active,False,False,,metadata_only,0,True,False,1,video_metadata_only,pursue:DOW-UAP-PR133,
pursue,5,DOW-UAP-PR134,DoW,video,active,False,False,,metadata_only,0,True,False,0,video_metadata_only,pursue:DOW-UAP-PR134,
pursue,6,DOW-UAP-PR135,DoW,video,active,False,False,,metadata_only,0,True,False,1,video_metadata_only,pursue:DOW-UAP-PR135,
pursue,5,DOW-UAP-PR136,DoW,video,active,False,False,,metadata_only,0,True,False,0,video_metadata_only,pursue:DOW-UAP-PR136,
pursue,6,DOW-UAP-PR140,DoW,video,active,False,False,,metadata_only,0,True,False,1,video_metadata_only,pursue:DOW-UAP-PR140,
pursue,6,DOW-UAP-PR141,DoW,video,active,False,False,,metadata_only,0,True,False,1,video_metadata_only,pursue:DOW-UAP-PR141,
pursue,5,DOW-UAP-PR142,DoW,video,active,False,False,,metadata_only,0,True,False,0,video_metadata_only,pursue:DOW-UAP-PR142,
pursue,6,DOW-UAP-PR143,DoW,video,active,False,False,,metadata_only,0,True,False,0,video_metadata_only,pursue:DOW-UAP-PR143,
pursue,6,DOW-UAP-PR144,DoW,video,active,False,False,,metadata_only,0,True,False,0,video_metadata_only,pursue:DOW-UAP-PR144,
pursue,6,DOW-UAP-PR148,DoW,video,active,False,False,,metadata_only,0,True,False,0,video_metadata_only,pursue:DOW-UAP-PR148,
pursue,5,DOW-UAP-PR149,DoW,video,active,False,False,,metadata_only,0,True,False,0,video_metadata_only,pursue:DOW-UAP-PR149,
pursue,6,DOW-UAP-PR150,DoW,video,active,False,False,,metadata_only,0,True,False,0,video_metadata_only,pursue:DOW-UAP-PR150,
pursue,6,DOW-UAP-PR151,DoW,video,active,False,False,,metadata_only,0,True,False,0,video_metadata_only,pursue:DOW-UAP-PR151,
pursue,6,DOW-UAP-PR152,DoW,video,active,False,False,,metadata_only,0,True,False,0,video_metadata_only,pursue:DOW-UAP-PR152,
pursue,5,EOP-UAP-D001,EOP,pdf,active,True,True,other,source_only,0,False,False,2,pdf_source_only,pursue:EOP-UAP-D001,
pursue,1,,FBI,image,active,True,True,,metadata_only,0,True,False,4,image_metadata_only,pursue:h:8059a6f3c38234390c03f77d,
pursue,1,,FBI,image,active,True,True,,metadata_only,0,True,False,4,image_metadata_only,pursue:h:d0e07c831d5eb2822c1c8287,
pursue,1,,FBI,image,active,True,True,,metadata_only,0,True,False,4,image_metadata_only,pursue:h:814071b22d5df5821436b207,
pursue,1,,FBI,image,active,True,True,,metadata_only,0,True,False,4,image_metadata_only,pursue:h:fbb4184c28653caf2d359397,
pursue,1,,FBI,image,active,True,True,,metadata_only,0,True,False,4,image_metadata_only,pursue:h:b9edd81dfc13f9fecd0fb44f,
pursue,1,,FBI,image,active,True,True,,metadata_only,0,True,False,4,image_metadata_only,pursue:h:e329dafc8afa823b29bd8440,
pursue,1,,FBI,image,active,True,True,,metadata_only,0,True,False,4,image_metadata_only,pursue:h:30efda8a99886d66709daf06,
pursue,1,,FBI,image,active,True,True,,metadata_only,0,True,False,4,image_metadata_only,pursue:h:c178f786a17d5c8282bb5002,
pursue,1,,FBI,pdf,active,True,True,,source_only,0,False,False,4,pdf_source_only,pursue:h:2e7f88a3fb7bebb7a8f1f442,
pursue,1,,FBI,pdf,active,True,True,,source_only,0,False,False,4,pdf_source_only,pursue:h:b43694b35265a0043beb690b,
pursue,1,,FBI,pdf,active,True,True,,source_only,0,False,False,4,pdf_source_only,pursue:h:91f05e7e2e1c72cee4f1ba14,
pursue,1,,FBI,pdf,active,True,True,,source_only,0,False,False,4,pdf_source_only,pursue:h:288cbe3b0cb5a1979c500e59,
pursue,1,,FBI,pdf,active,True,True,,source_only,0,False,False,4,pdf_source_only,pursue:h:8cb9199966a6a3df09d7d0c3,
pursue,1,,FBI,pdf,active,True,True,,source_only,0,False,False,4,pdf_source_only,pursue:h:06b3adc7fe4d3e87e9263573,
pursue,1,,FBI,pdf,active,True,True,,source_only,0,False,False,4,pdf_source_only,pursue:h:252cec4a1e7da76326a168fc,
pursue,1,,FBI,pdf,active,True,True,,source_only,0,False,False,4,pdf_source_only,pursue:h:f635e22addeccca1df46bd6d,
pursue,1,,FBI,pdf,active,True,True,,source_only,0,False,False,4,pdf_source_only,pursue:h:6d93b6f5bd845661e8a87902,
pursue,1,,FBI,pdf,active,True,True,,source_only,0,False,False,4,pdf_source_only,pursue:h:2537b3d7c50d0eeef55d6669,
pursue,1,,FBI,pdf,active,True,True,,source_only,0,False,False,4,pdf_source_only,pursue:h:2e3afc21601758ec20892519,
pursue,1,,FBI,pdf,active,True,True,,source_only,0,False,False,4,pdf_source_only,pursue:h:44bc0216acb7797e73e5f97b,
pursue,1,,FBI,pdf,active,True,True,,source_only,0,False,False,4,pdf_source_only,pursue:h:d063d1e9346bc38406ca3531,
pursue,1,,FBI,pdf,active,True,True,,source_only,0,False,False,4,pdf_source_only,pursue:h:bf6ebcd3a12c614e9c21d520,
pursue,1,,FBI,pdf,active,True,True,,source_only,0,False,False,4,pdf_source_only,pursue:h:005989a337880ec0776ee018,
pursue,1,,FBI,pdf,active,True,True,,source_only,0,False,False,4,pdf_source_only,pursue:h:ff9075e3e7ba5dc7f13cd559,
pursue,1,,FBI,pdf,active,True,True,,source_only,0,False,False,4,pdf_source_only,pursue:h:fb1534f03e50b590862f4873,
pursue,1,,FBI,pdf,active,True,True,,source_only,0,False,False,4,pdf_source_only,pursue:h:f7bbba49ce36d38f98d5326a,
pursue,1,,FBI,pdf,active,True,True,,source_only,0,False,False,4,pdf_source_only,pursue:h:3aa52adca1798c35708bd3ff,
pursue,1,,FBI,pdf,active,True,True,,source_only,0,False,False,4,pdf_source_only,pursue:h:92566b5660646f79ae25c194,
pursue,1,,FBI,pdf,active,True,True,,source_only,0,False,False,4,pdf_source_only,pursue:h:4638f6ab296e2f137269c21f,
pursue,1,,FBI,pdf,active,True,True,,source_only,0,False,False,4,pdf_source_only,pursue:h:ab8050c397cd35c4d761b4c3,
pursue,1,,FBI,pdf,active,True,True,,source_only,0,False,False,4,pdf_source_only,pursue:h:399f7993165a4ffff59bcaa5,
pursue,1,,FBI,pdf,active,True,True,,source_only,0,False,False,4,pdf_source_only,pursue:h:a4b454ef5d90d5486fb7d069,
pursue,1,,FBI,pdf,active,True,True,,source_only,0,False,False,0,pdf_source_only,pursue:h:c2b36355c5dd5d8ed12407fb,
pursue,1,,FBI,pdf,active,True,True,,source_only,0,False,False,0,pdf_source_only,pursue:h:74aea1a805bd4eeb65ffab27,
pursue,1,,FBI,pdf,active,True,True,,source_only,0,False,False,0,pdf_source_only,pursue:h:2fdd534b5919eaef7d4e32a6,
pursue,1,,FBI,pdf,active,True,True,,extract,1,False,False,0,pdf_processed,pursue:h:20df026a17d292151eaffd60,
pursue,3,FBI-UAP-D001,FBI,pdf,active,True,True,incident_report,extract,0,False,False,0,pdf_processed,pursue:FBI-UAP-D001,
pursue,3,FBI-UAP-D002,FBI,pdf,active,True,True,transcript,extract,1,False,False,0,pdf_processed,pursue:FBI-UAP-D002,
pursue,3,FBI-UAP-D003,FBI,pdf,active,True,True,media_metadata,source_only,0,False,False,1,pdf_source_only,pursue:FBI-UAP-D003,
pursue,3,FBI-UAP-D004,FBI,pdf,active,True,True,incident_report,extract,2,False,False,0,pdf_processed,pursue:FBI-UAP-D004,
pursue,3,FBI-UAP-D005,FBI,pdf,active,True,True,transcript,extract,3,False,False,0,pdf_processed,pursue:FBI-UAP-D005,
pursue,3,FBI-UAP-D006,FBI,pdf,active,True,True,incident_report,extract,0,False,False,0,pdf_processed,pursue:FBI-UAP-D006,
pursue,3,FBI-UAP-D007,FBI,pdf,active,True,True,incident_report,extract,4,False,False,0,pdf_processed,pursue:FBI-UAP-D007,
pursue,3,FBI-UAP-D008,FBI,pdf,active,True,True,incident_report,extract,1,False,False,0,pdf_processed,pursue:FBI-UAP-D008,
pursue,3,FBI-UAP-D009,FBI,pdf,active,True,True,incident_report,extract,1,False,False,2,pdf_processed,pursue:FBI-UAP-D009,
pursue,3,FBI-UAP-D010,FBI,pdf,active,True,True,other,source_only,0,False,False,2,pdf_source_only,pursue:FBI-UAP-D010,
pursue,3,FBI-UAP-D011,FBI,pdf,active,True,True,correspondence,extract,0,False,False,0,pdf_processed,pursue:FBI-UAP-D011,
pursue,3,FBI-UAP-D012,FBI,pdf,active,True,True,correspondence,extract,14,False,False,0,pdf_processed,pursue:FBI-UAP-D012,
pursue,3,FBI-UAP-D013,FBI,pdf,active,True,True,historical_case_file,extract,8,False,False,0,pdf_processed,pursue:FBI-UAP-D013,
pursue,4,FBI-UAP-D014,FBI,pdf,active,True,True,correspondence,extract,2,False,False,0,pdf_processed,pursue:FBI-UAP-D014,
pursue,3,FBI-UAP-D014,FBI,image,active,False,True,correspondence,metadata_only,0,True,False,2,image_metadata_only,pursue:FBI-UAP-D014:image,
pursue,3,FBI-UAP-D015,FBI,image,active,False,False,,metadata_only,0,True,False,2,image_metadata_only,pursue:FBI-UAP-D015,
pursue,3,FBI-UAP-D016,FBI,image,active,False,False,,metadata_only,0,True,False,2,image_metadata_only,pursue:FBI-UAP-D016,
pursue,3,FBI-UAP-D017,FBI,image,active,False,False,,metadata_only,0,True,False,2,image_metadata_only,pursue:FBI-UAP-D017,
pursue,3,FBI-UAP-D018,FBI,image,active,False,False,,metadata_only,0,True,False,2,image_metadata_only,pursue:FBI-UAP-D018,
pursue,3,FBI-UAP-D019,FBI,image,active,False,False,,metadata_only,0,True,False,2,image_metadata_only,pursue:FBI-UAP-D019,
pursue,3,FBI-UAP-D020,FBI,image,active,False,False,,metadata_only,0,True,False,2,image_metadata_only,pursue:FBI-UAP-D020,
pursue,3,FBI-UAP-D021,FBI,image,active,False,False,,metadata_only,0,True,False,2,image_metadata_only,pursue:FBI-UAP-D021,
pursue,3,FBI-UAP-D022,FBI,image,active,False,False,,metadata_only,0,True,False,2,image_metadata_only,pursue:FBI-UAP-D022,
pursue,3,FBI-UAP-D023,FBI,image,active,False,False,,metadata_only,0,True,False,2,image_metadata_only,pursue:FBI-UAP-D023,
pursue,5,FBI-UAP-D024,FBI,pdf,active,True,True,transcript,extract,2,False,False,1,pdf_processed,pursue:FBI-UAP-D024,
pursue,5,FBI-UAP-D025,FBI,image,active,False,False,,metadata_only,0,True,False,1,image_metadata_only,pursue:FBI-UAP-D025,
pursue,5,FBI-UAP-D026,FBI,pdf,active,True,True,incident_report,extract,0,False,False,1,pdf_processed,pursue:FBI-UAP-D026,
pursue,5,FBI-UAP-D027,FBI,pdf,active,True,True,other,source_only,0,False,False,1,pdf_source_only,pursue:FBI-UAP-D027,
pursue,5,FBI-UAP-D028,FBI,pdf,active,True,True,incident_report,extract,0,False,False,1,pdf_processed,pursue:FBI-UAP-D028,
pursue,5,FBI-UAP-D029,FBI,image,active,False,False,,metadata_only,0,True,False,1,image_metadata_only,pursue:FBI-UAP-D029,
pursue,5,FBI-UAP-D030,FBI,pdf,active,True,True,transcript,extract,1,False,False,1,pdf_processed,pursue:FBI-UAP-D030,
pursue,5,FBI-UAP-D031,FBI,image,active,False,False,,metadata_only,0,True,False,1,image_metadata_only,pursue:FBI-UAP-D031,
pursue,5,FBI-UAP-D032,FBI,pdf,active,True,True,other,source_only,0,False,False,1,pdf_source_only,pursue:FBI-UAP-D032,
pursue,5,FBI-UAP-D033,FBI,pdf,active,True,True,incident_report,extract,1,False,False,0,pdf_processed,pursue:FBI-UAP-D033,
pursue,5,FBI-UAP-D037,FBI,pdf,active,True,True,other,source_only,0,False,False,2,pdf_source_only,pursue:FBI-UAP-D037,
pursue,5,FBI-UAP-D038,FBI,pdf,active,True,True,other,source_only,0,False,False,2,pdf_source_only,pursue:FBI-UAP-D038,
pursue,5,FBI-UAP-D039,FBI,pdf,active,True,True,other,source_only,0,False,False,2,pdf_source_only,pursue:FBI-UAP-D039,
pursue,5,FBI-UAP-D040,FBI,pdf,active,True,True,other,source_only,0,False,False,2,pdf_source_only,pursue:FBI-UAP-D040,
pursue,5,FBI-UAP-D041,FBI,pdf,active,True,True,other,source_only,0,False,False,2,pdf_source_only,pursue:FBI-UAP-D041,
pursue,5,FBI-UAP-D042,FBI,pdf,active,True,True,other,source_only,0,False,False,2,pdf_source_only,pursue:FBI-UAP-D042,
pursue,3,FBI-UAP-PR001,FBI,video,active,False,False,,metadata_only,0,True,False,0,video_metadata_only,pursue:FBI-UAP-PR001,
pursue,3,FBI-UAP-PR002,FBI,video,active,False,False,,metadata_only,0,True,False,0,video_metadata_only,pursue:FBI-UAP-PR002,
pursue,3,FBI-UAP-PR003,FBI,video,active,False,False,,metadata_only,0,True,False,0,video_metadata_only,pursue:FBI-UAP-PR003,
pursue,3,FBI-UAP-PR004,FBI,video,active,False,False,,metadata_only,0,True,False,2,video_metadata_only,pursue:FBI-UAP-PR004,
pursue,3,FBI-UAP-PR005,FBI,video,active,False,False,,metadata_only,0,True,False,2,video_metadata_only,pursue:FBI-UAP-PR005,
pursue,3,FBI-UAP-PR006,FBI,video,active,False,False,,metadata_only,0,True,False,2,video_metadata_only,pursue:FBI-UAP-PR006,
pursue,5,FBI-UAP-PR007,FBI,video,active,False,False,,metadata_only,0,True,False,1,video_metadata_only,pursue:FBI-UAP-PR007,
pursue,3,ICA-UAP-D001,ICA,pdf,active,True,True,analysis,source_only,0,False,False,0,pdf_source_only,pursue:ICA-UAP-D001,
pursue,6,LLE-UAP-D001,LLE,pdf,active,True,True,transcript,extract,1,False,False,1,pdf_processed,pursue:LLE-UAP-D001,
pursue,6,LLE-UAP-D002,LLE,pdf,active,True,True,transcript,extract,0,False,False,1,pdf_processed,pursue:LLE-UAP-D002,
pursue,6,LLE-UAP-D003,LLE,pdf,active,True,True,transcript,extract,1,False,False,1,pdf_processed,pursue:LLE-UAP-D003,
pursue,6,LLE-UAP-D004,LLE,pdf,active,True,True,transcript,extract,1,False,False,1,pdf_processed,pursue:LLE-UAP-D004,
pursue,6,LLE-UAP-PR003,LLE,video,active,False,False,,metadata_only,0,True,False,1,video_metadata_only,pursue:LLE-UAP-PR003,
pursue,6,LLE-UAP-PR004,LLE,video,active,False,False,,metadata_only,0,True,False,1,video_metadata_only,pursue:LLE-UAP-PR004,
pursue,1,NASA-UAP-D001,NASA,pdf,active,True,True,,extract,1,False,False,0,pdf_processed,pursue:NASA-UAP-D001,
pursue,1,NASA-UAP-D002,NASA,pdf,active,True,True,,extract,5,False,False,0,pdf_processed,pursue:NASA-UAP-D002,
pursue,1,NASA-UAP-D003,NASA,pdf,active,True,True,,extract,2,False,False,0,pdf_processed,pursue:NASA-UAP-D003,
pursue,1,NASA-UAP-D003A,NASA,audio,active,True,True,,metadata_only,0,True,False,0,audio_metadata_only,pursue:NASA-UAP-D003A,
pursue,1,NASA-UAP-D004,NASA,pdf,active,True,True,,extract,3,False,False,0,pdf_processed,pursue:NASA-UAP-D004,
pursue,1,NASA-UAP-D005,NASA,pdf,active,True,True,,source_only,0,False,False,0,pdf_source_only,pursue:NASA-UAP-D005,
pursue,1,NASA-UAP-D006,NASA,pdf,active,True,True,,extract,2,False,False,0,pdf_processed,pursue:NASA-UAP-D006,
pursue,1,NASA-UAP-D007,NASA,pdf,active,True,True,,extract,1,False,False,0,pdf_processed,pursue:NASA-UAP-D007,
pursue,2,NASA-UAP-D008,NASA,audio,active,False,False,,metadata_only,0,True,False,0,audio_metadata_only,pursue:NASA-UAP-D008,
pursue,2,NASA-UAP-D009,NASA,audio,active,False,False,,metadata_only,0,True,False,0,audio_metadata_only,pursue:NASA-UAP-D009,
pursue,2,NASA-UAP-D010,NASA,audio,active,False,False,,metadata_only,0,True,False,0,audio_metadata_only,pursue:NASA-UAP-D010,
pursue,2,NASA-UAP-D011,NASA,audio,active,False,False,,metadata_only,0,True,False,0,audio_metadata_only,pursue:NASA-UAP-D011,
pursue,2,NASA-UAP-D012,NASA,audio,active,False,False,,metadata_only,0,True,False,0,audio_metadata_only,pursue:NASA-UAP-D012,
pursue,2,NASA-UAP-D013,NASA,audio,active,False,False,,metadata_only,0,True,False,0,audio_metadata_only,pursue:NASA-UAP-D013,
pursue,2,NASA-UAP-D014,NASA,audio,active,False,False,,metadata_only,0,True,False,0,audio_metadata_only,pursue:NASA-UAP-D014,
pursue,3,NASA-UAP-D015,NASA,pdf,active,True,True,other,source_only,0,False,False,0,pdf_source_only,pursue:NASA-UAP-D015,
pursue,3,NASA-UAP-D016,NASA,pdf,active,True,True,transcript,extract,0,False,False,0,pdf_processed,pursue:NASA-UAP-D016,
pursue,3,NASA-UAP-D017,NASA,pdf,active,True,True,transcript,extract,1,False,False,0,pdf_processed,pursue:NASA-UAP-D017,
pursue,3,NASA-UAP-D018,NASA,pdf,active,True,True,administrative,source_only,0,False,False,0,pdf_source_only,pursue:NASA-UAP-D018,
pursue,3,NASA-UAP-D019,NASA,pdf,active,True,True,transcript,extract,1,False,False,0,pdf_processed,pursue:NASA-UAP-D019,
pursue,3,NASA-UAP-D020,NASA,pdf,active,True,True,transcript,extract,3,False,False,0,pdf_processed,pursue:NASA-UAP-D020,
pursue,3,NASA-UAP-D021,NASA,pdf,active,True,True,transcript,extract,1,False,False,0,pdf_processed,pursue:NASA-UAP-D021,
pursue,3,NASA-UAP-D022,NASA,pdf,active,True,True,administrative,source_only,0,False,False,0,pdf_source_only,pursue:NASA-UAP-D022,
pursue,3,NASA-UAP-D023,NASA,audio,active,False,False,,metadata_only,0,True,False,0,audio_metadata_only,pursue:NASA-UAP-D023,
pursue,3,NASA-UAP-D024,NASA,audio,active,False,False,,metadata_only,0,True,False,0,audio_metadata_only,pursue:NASA-UAP-D024,
pursue,3,NASA-UAP-D025,NASA,audio,active,False,False,,metadata_only,0,True,False,0,audio_metadata_only,pursue:NASA-UAP-D025,
pursue,4,NASA-UAP-D026,NASA,audio,active,False,False,,metadata_only,0,True,False,1,audio_metadata_only,pursue:NASA-UAP-D026,
pursue,4,NASA-UAP-D027,NASA,audio,active,False,False,,metadata_only,0,True,False,1,audio_metadata_only,pursue:NASA-UAP-D027,
pursue,4,NASA-UAP-D028,NASA,audio,active,False,False,,metadata_only,0,True,False,1,audio_metadata_only,pursue:NASA-UAP-D028,
pursue,4,NASA-UAP-D029,NASA,audio,active,False,False,,metadata_only,0,True,False,1,audio_metadata_only,pursue:NASA-UAP-D029,
pursue,4,NASA-UAP-D030,NASA,image,active,False,False,,metadata_only,0,True,False,2,image_metadata_only,pursue:NASA-UAP-D030,
pursue,4,NASA-UAP-D031,NASA,image,active,False,False,,metadata_only,0,True,False,2,image_metadata_only,pursue:NASA-UAP-D031,
pursue,4,NASA-UAP-D032,NASA,image,active,False,False,,metadata_only,0,True,False,2,image_metadata_only,pursue:NASA-UAP-D032,
pursue,1,NASA-UAP-VM001,NASA,image,active,True,True,,metadata_only,0,True,False,0,image_metadata_only,pursue:h:a75247614fb9518b2fa321ad,
pursue,1,NASA-UAP-VM002,NASA,image,active,True,True,,metadata_only,0,True,False,0,image_metadata_only,pursue:h:85d51dd1fc5925fdc09e8885,
pursue,1,NASA-UAP-VM003,NASA,image,active,True,True,,metadata_only,0,True,False,0,image_metadata_only,pursue:h:b9e328bb436308ee4edbddce,
pursue,1,NASA-UAP-VM004,NASA,image,active,True,True,,metadata_only,0,True,False,0,image_metadata_only,pursue:h:b0afbc3feed4cfe5636592f4,
pursue,1,NASA-UAP-VM005,NASA,image,active,True,True,,metadata_only,0,True,False,0,image_metadata_only,pursue:h:6476a6791240453ce39b44dd,
pursue,1,NASA-UAP-VM006,NASA,image,active,True,True,,metadata_only,0,True,False,0,image_metadata_only,pursue:h:6fb31a73293472ecf6f21a79,
pursue,2,ODNI-UAP-D001,Office of the Director of National Intelligence,pdf,active,True,True,transcript,extract,4,False,False,33,pdf_processed,pursue:ODNI-UAP-D001,
pursue,1,DOS-UAP-D1,State,pdf,active,True,True,,extract,1,False,False,1,pdf_processed,pursue:DOS-UAP-D1,
pursue,1,DOS-UAP-D2,State,pdf,active,True,True,,source_only,0,False,False,1,pdf_source_only,pursue:DOS-UAP-D2,
pursue,1,,State,pdf,active,True,True,,extract,1,False,False,1,pdf_processed,pursue:h:53f2aa475ad749d3c785c93d,
pursue,1,,State,pdf,active,True,True,,extract,1,False,False,1,pdf_processed,pursue:h:a147d391d410c791399bf129,
pursue,1,,State,pdf,active,True,True,,extract,1,False,False,1,pdf_processed,pursue:h:2fd3773d5b92a3af0799b8a0,
pursue,3,USG-UAP-D001,USG,pdf,active,True,True,correspondence,source_only,0,False,False,0,pdf_source_only,pursue:USG-UAP-D001,
pursue,1,,FBI,pdf,active,True,True,,extract,13,False,False,35,pdf_processed,pursue:h:b1c1f5db427be0b832e40446,
pursue,1,,DoW,pdf,active,True,True,,extract,3,False,False,19,pdf_processed,pursue:h:710165f7000af90d8989202d,
